,avg,std
0,150.812702528,401.724534155
1,29.8998703824,60.897154305
2,11899.2359041,41691.4454475
3,44.0116655865,109.307778323
4,642.597861309,1632.26672127
