head,avg,std
forks,150.812702528,401.724534155
open_issues,29.8998703824,60.897154305
size,11899.2359041,41691.4454475
subscribers_count,44.0116655865,109.307778323
watchers,642.597861309,1632.26672127