head,avg,std
followers,41.97297534,272.2199116
following,19.22304115,504.6114747
public_gists,14.43183294,67.12042996
public_repos,32.68286391,122.736478
