,avg,std
followers,59.23997931,356.1818354
following,26.46185674,730.1890229
public_gists,19.72023348,91.83832717
public_repos,41.14385459,172.5502054
