,avg,std
0,59.2399793121,356.181835356
1,26.4618567365,730.189022946
2,19.7202334774,91.8383271727
3,41.1438545938,172.55020539
